newsTitle,timestamp,url_source,content,source,author,urlToImage
EU Antitrust Chief says Apple might have violated DMA rules,2024-03-21T22:09:47Z,https://www.androidheadlines.com/2024/03/eu-antitrust-chief-says-apple-might-have-violated-dma-rules.html,"Apples brawl with the EU has become a never-ending story. After the iPhone maker was forced to allow app sideloading on iOS to comply with the EU Digital Markets Act (DMA), the continents antitrust c… [+2159 chars]","{'id': None, 'name': 'Android Headlines'}",Hamid Ganji,https://www.androidheadlines.com/wp-content/uploads/2023/09/apple-store-logo-AM-AH-jpg.webp
'On Watch' podcast: An opening in the housing trap? And what Reddit's IPO means.,2024-03-21T22:09:38Z,https://www.marketwatch.com/podcasts/on-watch-by-marketwatch/an-opening-in-the-housing-trap-and-reddit-ipo/48f5d09a-bfda-4e52-b1a6-cdea5d03db99?g=4f45f7e8-aea4-4c2b-bd1d-d1cd1373dc7f&mod=mw_rss_bulletins,"This transcript was prepared by a transcription service. This version may not be in its final form and may be updated.
Jeremy Owens: Hello and welcome to On Watch by MarketWatch. I'm Jeremy Owens. T… [+23075 chars]","{'id': None, 'name': 'MarketWatch'}",,https://images.wsj.net/im-930787?width=1280
Daily EV Recap: Tesla Hackers win $200K & Model 3,2024-03-21T22:08:23Z,http://electrek.co/2024/03/21/daily-ev-recap-tesla-hackers-win-200k-model-3/,"Listen to a recap of the top stories of the day from Electrek. Quick Charge is now available on Apple Podcasts, Spotify, TuneIn and our RSS feed for Overcast and other podcast players.
New episodes … [+889 chars]","{'id': None, 'name': 'Electrek'}",Steven Delatorre,
"Guvernul SUA dă în judecată Apple, companie acuzată de monopol și „sufocarea” inovării printre competitori",2024-03-21T22:06:01Z,https://www.digi24.ro/stiri/externe/sua/guvernul-sua-da-in-judecata-apple-companie-acuzata-de-monopol-si-sufocarea-inovarii-printre-competitori-2731417,"Departamentul de Justiie al SUA (DoJ) a anunat joi c a intentat Apple un proces antitrust, acuzând gigantul tehnologic de monopol ilegal pe piaa telefoanelor mobile inteligente, care îndeprteaz concu… [+2409 chars]","{'id': None, 'name': 'Digi24.ro'}",Alexandru Costea,https://s.iw.ro/gateway/g/ZmlsZVNvdXJjZT1odHRwJTNBJTJGJTJG/c3RvcmFnZTA4dHJhbnNjb2Rlci5yY3Mt/cmRzLnJvJTJGc3RvcmFnZSUyRjIwMjQl/MkYwMyUyRjIyJTJGMTkzNTEzMV8xOTM1/MTMxX3Byb2ZpbWVkaWEtMDg1ODU2Nzc0/OS5qcGcmdz0xMjAwJmg9NjMwJnpjPTEm/aGFzaD02YzAyYWQyZTRmZWUxOTE3NjU0MzJiMGQ1YzJhMzc4Yw==.thumb.jpg
Apple Silicon 晶片漏洞可利用作破解加密金鑰　無法輕易修復,2024-03-21T22:05:54Z,https://www.newmobilelife.com/2024/03/22/apple-silicon-chip-vulnerability/,"<!-- wp:paragraph {""canvasClassName"":""cnvs-block-core-paragraph-1711058382415""} -->
一群研究人員最近發現蘋果 M 系列晶片存在一個安全漏洞，此漏洞允許攻擊者通過竊取加密金鑰來訪問用戶的數據。由於這一問題源於晶片的架構設計，因此非常難以緩解。
<!-- /wp:paragraph -->

<!-- wp:imag… [+1660 chars]","{'id': None, 'name': 'Newmobilelife.com'}",Andy,https://static.newmobilelife.com/wp-content/uploads/2022/06/M1.jpeg
The Left Wing Podcast: Women’s Six Nations Preview with Anna Caplice and Ali Donnelly,2024-03-21T22:05:27Z,https://www.independent.ie/sport/rugby/the-left-wing-podcast-womens-six-nations-preview-with-anna-caplice-and-ali-donnelly/a197002745.html,"The 2024 Women's Six Nations kicks off this weekend with Ireland facing France in Le Mans on Saturday. After finishing bottom of the table last year, Ireland - under new head coach Scott Bemand - wil… [+406 chars]","{'id': None, 'name': 'Independent.ie'}",Irish Independent,https://focus.independent.ie/thumbor/twFx8VoYWhZsqg0r8vzOodv4Fa8=/629x460/smart/prod-mh-ireland/3c1db5ed-4af5-484b-b3b8-ac552166b3ed/32744e7f-47d1-43fe-a47c-eea5af2fe9a0/COTT%20BEMAND%205SH%20%282%29.jpg
Apple schwächelt: US-Indizes schwingen sich zu neuen Höhen auf,2024-03-21T22:05:10Z,https://www.n-tv.de/wirtschaft/US-Indizes-schwingen-sich-zu-neuen-Hoehen-auf-article24822471.html,"Die Zinssenkungssignale der Fed vom Vortag wirken nach: An den US-Börsen geht es weiter nach oben. Der Halbleitersektor wird von überraschend guten Micron-Zahlen gepusht, Reddit legt ein vielversprec… [+2343 chars]","{'id': None, 'name': 'N-tv.de'}",n-tv NACHRICHTEN,https://bilder2.n-tv.de/img/incoming/crop24822501/3731327641-cImg_16_9-w1200/762acae43a64d2f23d7ec9bd3628baea.jpg
Biden Fires an Antitrust Shot at Apple,2024-03-21T22:04:07Z,https://biztoc.com/x/56488ee106e769ec,"Justice essentially wants the iPhone to be open-source like Android. But to whose benefit?
#iphone
This story appeared on wsj.com, 2024-03-21.","{'id': None, 'name': 'Biztoc.com'}",wsj.com,https://c.biztoc.com/273/og.png
Gwyneth Paltrow Recalls Kiefer Sutherland Was Her Babysitter Growing Up,2024-03-21T22:03:57Z,https://www.usmagazine.com/celebrity-news/news/gwyneth-paltrow-recalls-kiefer-sutherland-was-her-babysitter-before-he-was-famous/#article,"Sign In with your social account
Continue with Google
Continue with Facebook
Continue with Amazon
Continue with AppleWe won't post to any of your accounts without asking first
Get back to the 
… [+2454 chars]","{'id': None, 'name': 'Us Weekly'}",Morgan McMurrin,https://www.usmagazine.com/wp-content/uploads/2024/03/Gwyneth-Paltrow-Recalls-Kiefer-Sutherland-Being-Her-Babysitter-Growing-Up-326.jpg?crop=0px%2C0px%2C2000px%2C1051px&resize=1200%2C630&quality=86&strip=all
Entenda por que Apple foi processada por monopólio,2024-03-21T22:03:46Z,https://valor.globo.com/empresas/noticia/2024/03/21/entenda-por-que-apple-foi-processada-por-monopolio.ghtml,"O Departamento de Justiça dos Estados Unidos informou, nesta quinta-feira (21), que entrou com uma ação judicial contra a Apple. A empresa é acusada de monopolizar o mercado de smartphones com o iPho… [+3812 chars]","{'id': 'globo', 'name': 'Globo'}",,https://s2-valor.glbimg.com/4vKFqMctyHnZqSw8Od6dr2bfDUI=/1200x/smart/filters:cover():strip_icc()/i.s3.glbimg.com/v1/AUTH_63b422c2caee4269b8b34177e8876b93/internal_photos/bs/2023/J/I/99FfCDTP6ezzfrn5cFjA/iphone-5381214-1280.jpg
Unions using ESG to control workers — and drain Americans’ retirement savings,2024-03-21T22:03:04Z,https://nypost.com/2024/03/21/opinion/unions-using-esg-to-control-workers-and-drain-americans-retirement-savings/,"ESG has claimed its latest victims: Starbucks workers.
In the days leading up to the companys annual meeting last week, labor unions nominated three new board members, all former Democratic official… [+4665 chars]","{'id': None, 'name': 'New York Post'}","F. Vincent Vernuccio, Sam Adolphsen",https://nypost.com/wp-content/uploads/sites/2/2024/03/singer-billy-bragg-receives-starbucks-77742735-e1711057500377.jpg?quality=75&strip=all&w=1024
Un mois de football nord-américain gratuit avec Apple et Lionel Messi,2024-03-21T22:02:03Z,https://www.igen.fr/services/2024/03/un-mois-de-football-americain-gratuit-avec-apple-et-lionel-messi-142595,"Lionel Messi, la star argentine, vient de publier un post sur Instagram qui renvoie vers sa bio (toujours sur Instagram) pour ensuite vous envoyer (ouf) vers une promotion : elle permet d'avoir accès… [+831 chars]","{'id': None, 'name': 'iGeneration'}",Pierre Dandumont,https://cdn.mgig.fr/2024/03/mga-ba7743aa-w375-w1500-w750_accroche.jpg
iOS 17.4.1 ya disponible,2024-03-21T22:01:57Z,https://iphoneros.com/96578/ios-17-4-1-ya-disponible,"En iPhoneros.com puedes encontrar todo lo que acontece en torno al iPhone, sus Apps, trucos, y tutoriales.
iPhoneros nació con el iPhone original en el año 2007, y desde entonces compartimos con tod… [+1077 chars]","{'id': None, 'name': 'Iphoneros.com'}",iPhoneros,https://iphoneros.com/wp-content/uploads/2024/03/Captura-2024-03-21-a-las-22.58.18.jpeg
U.S. Justice Department Targets Apple: A New Antitrust Lawsuit Emerges,2024-03-21T22:01:02Z,https://www.investing.com/news/stock-market-news/us-justice-department-targets-apple-a-new-antitrust-lawsuit-emerges-3348950,"Quiver Quantitative - The U.S. Justice Department is reportedly on the verge of launching an antitrust lawsuit against Apple Inc (NASDAQ:AAPL)., marking a significant move in the Biden administration… [+2562 chars]","{'id': None, 'name': 'Investing.com'}",Quiver Quantitative,https://i-invdn-com.investing.com/news/LYNXMPED550LJ-ORUBS_L.jpg
Apple表参道でToday at Apple「ワークショップ：amity_sensei⁠に学ぼう！魅力あふれるノート作り」4月4日開催,2024-03-21T22:00:41Z,https://arigato-ipod.com/2024/03/today-at-apple-omotesando-workshop-amity-sensei.html,"Apple表参道でToday at Appleセッション「ワークショップ：amity_sensei⁠に学ぼう！魅力あふれるノート作り」が、4月4日（木）に開催されます。

アートディレクターのamity_senseiを講師に、ノート作成アプリGoodNotes 6の活用術がレクチャーされます。

新学期、お気に入りのノートでモチベーションを上げませんか？iPadのクリエイティブな活用術で絶大な支… [+648 chars]","{'id': None, 'name': 'Arigato-ipod.com'}",Ygn,https://arigato-ipod.com/wp/wp-content/uploads/2024/03/240322todayatappleamitysensei.jpg
Dow closes near 40K as tech rally sets new records...,2024-03-21T22:00:03Z,https://thehill.com/business/4547713-dow-nears-40k-as-tech-rally-sets-new-records/,"The stock market continued its record-setting rally Thursday with the Dow Jones Industrial Average notably flirting with 40,000 as technology shares made major gains.
The Dow closed with a gain of n… [+1755 chars]","{'id': 'the-hill', 'name': 'The Hill'}",thehill.com,https://thehill.com/wp-content/uploads/sites/2/2023/10/nyse_wall-street_100423_markets.jpg?w=1280
"This Roguelite Adventure Game Is Taunting Me To Understand It, And I Won't Back Down",2024-03-21T22:00:00Z,https://www.gamespot.com/articles/this-roguelite-adventure-game-is-taunting-me-to-understand-it-and-i-wont-back-down/1100-6522060/,"As I entered the fifth room in my preview of Blue Prince, I knew I was doomed. I didn't know all that much about the narrative-driven puzzle game going into it, but right around the moment I realized… [+3505 chars]","{'id': None, 'name': 'GameSpot'}",Jordan Ramée,https://www.gamespot.com/a/uploads/screen_kubrick/1587/15875866/4277124-blue_prince_keyart_nologo_3840x2160.png
"TNW 329: US DOJ Sues Apple For Monopoly Practices - LexisNexis, Beeper, Surface Pro 10",2024-03-21T22:00:00Z,https://twit.tv/shows/tech-news-weekly/episodes/329,Breaking news as the U.S. Department of Justice sues Apple for illegal smartphone monopoly. Automakers are sharing consumers' driving behaviors with insurance companies. Beeper is back in the news as… [+1068 chars],"{'id': None, 'name': 'Twit.tv'}",TWiT,https://elroy.twit.tv/sites/default/files/images/episodes/2024/03/850892/hero/TNW0329_thumbnail.jpg
Apple's iMessage Encryption Puts Its Security Practices in the DOJ's Crosshairs,2024-03-21T21:59:30Z,https://www.wired.com/story/apple-doj-antitrust-imessage-encryption/,"The argument is one that some Apple critics have made for years, as spelled out in an essay in January by Cory Doctorow, the science fiction writer, tech critic, and co-author of Chokepoint Capitalis… [+3141 chars]","{'id': 'wired', 'name': 'Wired'}","Andy Greenberg, Andrew Couts","https://media.wired.com/photos/65fc74d9a634d6e751c3e122/191:100/w_1280,c_limit/Is-the-Apple-Antitrust-Suit-Good-for-Security-or-Bad--Security-GettyImages-1237654774.jpg"
Jailbreak iOS 17.4.1 On iPhone And iPad [Status Update],2024-03-21T21:58:35Z,https://www.redmondpie.com/jailbreak-ios-17.4.1-on-iphone-and-ipad-status-update/,"Looking to jailbreak iOS 17.4.1 on your iPhone or iPad? Here is the latest status update that you may need to know about.
Apple’s latest version of the iPhone software, iOS 17.4.1, is now available … [+1319 chars]","{'id': None, 'name': 'redmondpie.com'}",Oliver Haslam,https://cdn.redmondpie.com/wp-content/uploads/2023/09/ios-17-jailbreak-status.jpg
Baby-Food Pouches Are Unavoidable,2024-03-21T21:56:00Z,https://www.theatlantic.com/health/archive/2024/03/baby-food-pouches-parents-guilt/677849/?utm_source=feed,"On Sunday evening, I fed a bowl of salmon, broccoli, and rice to my eight-month-old son. Or rather, I attempted to. The fish went flying; greens and grains splattered across the walls. Half an hour l… [+5984 chars]","{'id': None, 'name': 'The Atlantic'}",Yasmin Tayag,
"В США возбужден иск, в котором обвиняют Apple в недобросовестной конкуренции в отношении системы CarPlay",2024-03-21T21:55:55Z,https://gagadget.com/ru/421696-v-ssha-vozbuzhden-isk-v-kotorom-obvinyayut-apple-v-nedobrosovestnoj-konkurentsii-v-otnoshenii-sistemyi-carplay/,"Apple CarPlay. 
, , CarPlay Apple .
 88 , , CarPlay, , Apple.
 , Apple CarPlay, , , .
 , .
 , CarPlay , .
 , Apple , .
 , Apple Wallet, , , iPhone .
Apple . 
: The Verge","{'id': None, 'name': 'Gagadget.com'}",gagadget.com,https://gagadget.com/media/cache/db/2c/db2c81656610a17d449e876cb198800a.jpg
"В США возбужден иск, обвиняющий Apple в недобросовестной конкуренции в отношении системы CarPlay",2024-03-21T21:55:55Z,https://gagadget.com/ru/skandaly/421696-v-ssha-vozbuzhden-isk-obvinyayuschij-apple-v-nedobrosovestnoj-konkurentsii-v-otnoshenii-sistemyi-carplay/,"Apple CarPlay.
, , CarPlay Apple .
 88 , CarPlay, , Apple.
 , Apple CarPlay, , , .
 , .
 , CarPlay , .
 , Apple , .
 , Apple Wallet, , , iPhone .
Apple .
: The Verge","{'id': None, 'name': 'Gagadget.com'}",gagadget.com,https://gagadget.com/media/cache/db/2c/db2c81656610a17d449e876cb198800a.jpg
Samsung to launch a microLED Galaxy Watch next year,2024-03-21T21:55:07Z,https://www.gizchina.com/2024/03/21/samsung-galaxy-watch-microled/,"Samsung is rumoured to be on the brink of revolutionizing its Galaxy Watch series by incorporating cutting-edge microLED display technology, a move that could potentially reshape the smartwatch marke… [+3225 chars]","{'id': None, 'name': 'Gizchina.com'}",Efe Udin,https://www.gizchina.com/wp-content/uploads/images/2023/06/watch-5-ihrn-1200x675.jpg
"As Reddit Went Public, Redditors Gave It An Irreverent Welcome",2024-03-21T21:54:12Z,https://www.forbes.com/sites/richardnieva/2024/03/21/reddit-ipo/,"Reddit's mascot, Snoo, rang the opening bell at the New York Stock Exchange.
Getty Images
On r/wallstreetbets, the Reddit forum that notoriously gamed the financial world in 2021 after users sent t… [+6118 chars]","{'id': None, 'name': 'Forbes'}","Richard Nieva, Forbes Staff, 
 Richard Nieva, Forbes Staff
 https://www.forbes.com/sites/richardnieva/",https://imageio.forbes.com/specials-images/imageserve/65fcab46ce306ad3e0975f64/0x0.jpg?format=jpg&height=900&width=1600&fit=bounds
The Antitrust Case Against Apple Argues It Has a Stranglehold on the Future,2024-03-21T21:54:12Z,https://www.wired.com/story/antitrust-case-apple-stranglehold-on-the-future/,"The US Department of Justice had long been expected to file an antitrust lawsuit against Apple. But when the suit arrived Thursday, it came with surprising ferocity.
In a press conference, attorney … [+3423 chars]","{'id': 'wired', 'name': 'Wired'}","Makena Kelly, Vittoria Elliott","https://media.wired.com/photos/65fc73d4c67e8191e63ca491/191:100/w_1280,c_limit/DOJ-Apple-Antitrust-Case-Business-2095067428.jpg"
DOJ v. Apple,2024-03-21T21:54:11Z,https://www.macsparky.com/blog/2024/03/doj-v-apple/,"As a no-longer-practicing attorney and someone who generally digs Apple, I reviewed the DOJ complaint filed today and have a few takeaways.
<ul><li>A taxpayer-funded lawsuit against a trillion-dolla… [+674 chars]","{'id': None, 'name': 'Macsparky.com'}",David Sparks,
What the DOJ's antitrust suit against Apple means for everyone with an iPhone,2024-03-21T21:54:05Z,https://biztoc.com/x/2e540512c7697b22,Cheaper app subscriptions. Additional payment options. Greater freedom for app developers on the App Store. More consumer choice.Those are some of the possibilities that consumer advocates hope will … [+304 chars],"{'id': None, 'name': 'Biztoc.com'}",latimes.com,https://c.biztoc.com/p/2e540512c7697b22/s.webp
"U.S. Justice Department sues Apple, alleging it illegally monopolized smartphone market",2024-03-21T21:52:55Z,https://japantoday.com/category/tech/apple-has-kept-an-illegal-monopoly-over-smartphones-in-us-justice-department-says-in-antitrust-suit,"The Justice Department on Thursday announced a sweeping antitrust lawsuit against Apple, accusing the tech giant of engineering an illegal monopoly in smartphones that boxes out competitors, stifles … [+9380 chars]","{'id': None, 'name': 'Japan Today'}",,
Reddit IPO Success To Fuel Company’s AI Exploration: Report,2024-03-21T21:52:46Z,https://biztoc.com/x/df3eb38ab23b55fd,"After a successful Reddit IPO, the company is now embarking upon AI and advertisement opportunities. According to Yahoo Finance, Reddit CEO Steve Huffman revealed that the company will now be focusin… [+272 chars]","{'id': None, 'name': 'Biztoc.com'}",coingape.com,https://c.biztoc.com/p/df3eb38ab23b55fd/s.webp
Stock market today: US stocks extend records on rate-cut optimism,2024-03-21T21:52:07Z,https://biztoc.com/x/83cba17b36e03e03,None Stocks rallied on Thursday with the Dow and the S&amp;P 500 extending record highs.None The Fed kept rates unchanged and signed three cuts coming in 2024.None Reddit soared in its first day of t… [+284 chars],"{'id': None, 'name': 'Biztoc.com'}",aol.com,https://c.biztoc.com/p/83cba17b36e03e03/s.webp
Nvidia стала самым быстрорастущим по стоимости американским брендом,2024-03-21T21:49:39Z,https://finance.mail.ru/2024-03-22/nvidia-stala-samym-bystrorastuschim-po-stoimosti-amerikanskim-brendom-60327250/,",   Nvidia    163% —  $44,5 .  17-   , 58- . Apple,    74% ( $516,6 ).     Microsoft:    $340,4 (+78%).  Google ($333,4 , +18,5%).
      Amazon ($308,9 , +3%)   Walmart ($96,8 , −15%).  -10 Facebook… [+119 chars]","{'id': None, 'name': 'Mail.ru'}",Редакция Новости Mail.ru,https://resizer.mail.ru/p/cbc19c5f-c7fe-5c87-8182-bf7a662660f0/op:40/logo:bottom:finhub.png/ot:TnZpZGlhINGB0YLQsNC70LAg0YHQsNC80YvQvCDQsdGL0YHRgtGA0L7RgNCw0YHRgtGD0YnQuNC8INC_0L4g0YHRgtC-0LjQvNC-0YHRgtC4INCw0LzQtdGA0LjQutCw0L3RgdC60LjQvCDQsdGA0LXQvdC00L7QvA/AQAGsPSjG0i_jSrTiYKJ7Jv1i_H-g4o-ZRYCzDiqcD4YWNddGwk3NF9htcrbfxrwi-td_V7tuN8dQd-2dFPJDTZ1eSI.jpg
Tech Up as Reddit Gains Offset Apple Antitrust Shock -- Tech Roundup,2024-03-21T21:48:22Z,https://www.marketscreener.com/quote/stock/APPLE-INC-4849/news/Tech-Up-as-Reddit-Gains-Offset-Apple-Antitrust-Shock-Tech-Roundup-46257729/,"Shares of technology companies ticked up as an antitrust shock for Apple offset gains in artificial-intelligence and social-media concerns. 
The Justice Department and 17 states sued Apple, alleging… [+787 chars]","{'id': None, 'name': 'Marketscreener.com'}",,https://www.marketscreener.com/images/twitter_MS_fdblanc.png
EUA processam Apple por monopólio no mercado de smartphones,2024-03-21T21:47:01Z,https://www.mobiletime.com.br/noticias/21/03/2024/eua-processa-apple-por-monopolio-no-mercado-de-smartphones/,"O Departamento de Justiça dos Estados Unidos (DOJ) e 16 procuradorias estaduais entraram com um processo contra a Apple por monopólio no mercado de smartphones, o que inclui hardware, software e serv… [+3760 chars]","{'id': None, 'name': 'Mobiletime.com.br'}",Henrique Medeiros,https://www.mobiletime.com.br/wp-content/uploads/2024/03/doj-hero-carousel-1024x450-garland-4.jpg
iPhone poderá ser usado como ‘maquininha’,2024-03-21T21:46:55Z,https://valor.globo.com/financas/noticia/2024/03/21/iphone-podera-ser-usado-como-maquininha.ghtml,"A SumUp, empresa global de tecnologia e serviços financeiros, está expandindo para o iPhone sua solução de Tap to Pay, que permite que o estabelecimento comercial aceite pagamentos por cartão pelo ce… [+1098 chars]","{'id': 'globo', 'name': 'Globo'}",,https://s2-valor.glbimg.com/9chkfeIjBjaCBRKvbw99xL5G5q0=/1200x/smart/filters:cover():strip_icc()/i.s3.glbimg.com/v1/AUTH_63b422c2caee4269b8b34177e8876b93/internal_photos/bs/2023/N/x/gqgUkbQpiPRXDZMfDdDw/captura-de-tela-2023-09-12-as-15.57.43.png
Apple e Lionel Messi oferecem 1 mês grátis do MLS Season Pass,2024-03-21T21:46:25Z,https://macmagazine.com.br/post/2024/03/21/apple-e-lionel-messi-oferecem-1-mes-gratis-do-mls-season-pass/,"Em parceria com o jogador Lionel Messi, a Apple lançou hoje uma nova oferta promocional para o MLS Season Pass. Os fãs da liga, agora, têm a oportunidade de aproveitar um mês do serviço gratuitamente… [+1091 chars]","{'id': None, 'name': 'Macmagazine.com.br'}",Yan Avelino,https://macmagazine.com.br/wp-content/uploads/2023/07/Apple-TV-MLS-Season-Pass-Lionel-Messi-live-schedule-1260x709.jpg
Emmy Predictions: Drama Series,2024-03-21T21:46:10Z,https://biztoc.com/x/79530c63156d5647,"Variety Awards Circuit section is the home for all awards news and related content throughout the year, featuring the following: the official predictions for the upcoming Oscars, Emmys, Grammys and T… [+289 chars]","{'id': None, 'name': 'Biztoc.com'}",variety.com,https://c.biztoc.com/p/79530c63156d5647/s.webp
The Justice Department Accuses Apple Of Smartphone Monopoly,2024-03-21T21:45:32Z,https://www.forrester.com/blogs/the-justice-department-accuses-apple-of-smartphone-monopoly/,"What’s the lawsuit about?
The United States Department of Justice has announced an antitrust lawsuit against Apple. Antitrust action against companies is intended to thwart monopolistic behavior tha… [+3716 chars]","{'id': None, 'name': 'Forrester.com'}",Dipanjan Chatterjee,https://go.forrester.com/wp-content/uploads/2022/03/FMK_FORR_GenericSocialImage_220314.jpg
10 Best Free and Open Source Mobile Application Development Frameworks,2024-03-21T21:45:11Z,https://www.linuxlinks.com/mobileframeworks/,Mobile application development is the process by which software is created for handheld devices. This article focuses on tools which help developers create applications for mobile phones. The purpose… [+3128 chars],"{'id': None, 'name': 'Linuxlinks.com'}",LinuxLinks,https://www.linuxlinks.com/wp-content/uploads/2020/11/isometric_app_and_web_development_01.jpg
Veteran Marco Scandella brings positivity from scratches into Blues lineup: Blues Extra,2024-03-21T21:45:00Z,https://www.stltoday.com/sports/professional/nhl/blues/veteran-marco-scandella-brings-positivity-from-scratches-into-blues-lineup-blues-extra/article_d0742508-e7b0-11ee-93f1-6fc911895c98.html,"Listen now and subscribe: Apple Podcasts | Spotify
OTTAWA, Ontario Marco Scandella had a simple approach to the past week and a half: have fun.
When he was a healthy scratch for five straight games… [+4101 chars]","{'id': None, 'name': 'STLtoday.com'}",Matthew DeFranks St. Louis Post-Dispatch,https://bloximages.newyork1.vip.townnews.com/stltoday.com/content/tncms/assets/v3/editorial/d/07/d0742508-e7b0-11ee-93f1-6fc911895c98/65fca8c033977.preview.jpg?crop=1780%2C935%2C4%2C84&resize=1200%2C630&order=crop%2Cresize
How Taiwan Became Arrakis,2024-03-21T21:43:09Z,https://deepintothemundane.substack.com/p/how-taiwan-became-arrakis,"I saw this meme last year and then completely forgot about it, but after watching the new Dune, it popped back into my memory. Spice in Dune is like oil, a natural resource. But in Taiwan, there are … [+35509 chars]","{'id': None, 'name': 'Substack.com'}",aaartem,"https://substackcdn.com/image/fetch/w_1200,h_600,c_fill,f_jpg,q_auto:good,fl_progressive:steep,g_auto/https%3A%2F%2Fsubstack-post-media.s3.amazonaws.com%2Fpublic%2Fimages%2F70d1449e-ba07-4788-89c4-1a3f14fdc4a6_1080x1070.webp"
Critical Fortinet’s FortiClient EMS flaw actively exploited in the wild,2024-03-21T21:42:57Z,https://securityaffairs.com/160885/uncategorized/fortinet-forticlient-ems-critical-flaw.html,"Critical Fortinet's FortiClient EMS flaw actively exploited in the wild
 | Pwn2Own Vancouver 2024 Day 1 - team Synacktiv hacked a Tesla
 | New Loop DoS attack may target 300,000 vulnerable hosts
 … [+54710 chars]","{'id': None, 'name': 'Securityaffairs.com'}",Pierluigi Paganini,https://securityaffairs.com/wp-content/uploads/2019/11/fortinet-logo.jpg
Apple and Google to face EU Digital Markets Act compliance investigation,2024-03-21T21:39:47Z,https://www.gizchina.com/2024/03/21/eu-digital-markets-act-compliance-investigation-gizchina/,Bloomberg recently reported that Apple and Google are set to undergo a comprehensive investigation by the European Union to determine their compliance with the new law aimed at curbing the power of m… [+3198 chars],"{'id': None, 'name': 'Gizchina.com'}",Efe Udin,https://www.gizchina.com/wp-content/uploads/images/2024/03/Google-Apple.jpg
Nvidia стала самым быстрорастущим по стоимости американским брендом,2024-03-21T21:39:24Z,https://tass.ru/ekonomika/20311405,", 22 . //. Nvidia . Brand Finance 2024 .
, Nvidia 163% - $44,5 . 17- , 58- . Apple, 74% ( $516,6 ). Microsoft: $340,4 (+78%). Google ($333,4 , +18,5%).
 Amazon ($308,9 , +3%) Walmart ($96,8 , -15%)… [+129 chars]","{'id': None, 'name': 'Tass.ru'}",ТАСС,https://cdn-storage-media.tass.ru/thumb/ru/ekonomika/20311405?u=2024-03-21T21:39:24.429453
Apple Loses $113 Billion in Value After Regulators Close In,2024-03-21T21:39:15Z,https://consent.yahoo.com/v2/collectConsent?sessionId=1_cc-session_c3ca5a52-9884-4b89-b1e7-69936cce3278,"Si vous cliquez sur « Tout accepter », nos partenaires (y compris 241 qui font partie du Cadre de transparence et de consentement dIAB) et nous utiliserons également des témoins et vos données person… [+982 chars]","{'id': None, 'name': 'Yahoo Entertainment'}",,
"Vas a quererlo, el iPhone 16 tendrá más pantalla que nunca",2024-03-21T21:39:11Z,https://isenacode.com/vas-a-quererlo-el-iphone-16-tendra-mas-pantalla-que-nunca/,"Es curioso esto de las modas y la evolución que tiene con el paso de los años. Que lejos quedan las 3,5 pulgadas de la pantalla del iPhone original. Y que cerca y grande se ven las 6,7 pulgadas del i… [+1480 chars]","{'id': None, 'name': 'Isenacode.com'}",Josep Maria Peña Barnés,https://isenacode.com/wp-content/uploads/2024/03/iphone-16-mayores-pantallas-d.jpg
Apple becomes the latest tech giant under siege,2024-03-21T21:39:05Z,https://www.bbc.co.uk/news/technology-68631756,"To understand how much the US's new lawsuit strikes at the heart of the identity Apple has forged for itself, let's first consider the firm's fanbase. 
Apple has a unique position as a tech brand, a… [+4857 chars]","{'id': 'bbc-news', 'name': 'BBC News'}",https://www.facebook.com/bbcnews,https://ichef.bbci.co.uk/news/1024/branded_news/751A/production/_132987992_gettyimages-1933474046.jpg
iPhone is not as private as you might think,2024-03-21T21:36:41Z,https://proton.me/blog/iphone-privacy,"Published on March 15, 2024
Apples marketing team has built a powerful association between the iPhone and privacy. The companys ad campaigns claim that what happens on your iPhone, stays on your iPh… [+4544 chars]","{'id': None, 'name': 'Proton.me'}",Ben Wolford,"https://res.cloudinary.com/dbulfrlrz/images/f_auto,q_auto/v1710526988/wp-pme/iphone-not-private-blog2x/iphone-not-private-blog2x.png?_i=AA"
"Read the 4 emails from Steve Jobs, Tim Cook, and Apple execs cited in the DOJ's antitrust case",2024-03-21T21:36:13Z,https://biztoc.com/x/8e8de59c621238cc,"None In legal documents, the DOJ cites internal Apple emails as evidence of anti-competitive tactics.None Read the four emails sent by Steve Jobs, Tim Cook, and other Apple execs that were referenced… [+271 chars]","{'id': None, 'name': 'Biztoc.com'}",aol.com,https://c.biztoc.com/p/8e8de59c621238cc/s.webp
Falha em Macs com Apple Silicon deixa chaves de criptografia vulneráveis,2024-03-21T21:35:51Z,https://macmagazine.com.br/post/2024/03/21/falha-em-macs-com-apple-silicon-deixa-chaves-de-criptografia-vulneraveis/,"Uma nova vulnerabilidade foi descoberta nos processadores Apple Silicon dos Macs a qual foi batizada de GoFetch. A falha permite que as chaves de criptografia sejam extraídas do sistema, além de ser … [+6188 chars]","{'id': None, 'name': 'Macmagazine.com.br'}",João Vitor Sales Zaidan,https://macmagazine.com.br/wp-content/uploads/2024/03/21-MacBook-Pro-1260x736.jpg
Ex-UPS Worker Faces Charges for $1.3M Apple Theft in Winnipeg,2024-03-21T21:35:38Z,https://www.iphoneincanada.ca/2024/03/21/ex-ups-worker-charges-apple-theft-winnipeg/,"A former UPS employee is currently facing charges for the alleged theft and resale of Apple products valued at $1.3 million from a warehouse in Winnipeg.
Orville Martirez Beltrano, 30, is accused of… [+1625 chars]","{'id': None, 'name': 'iPhone in Canada'}",Austin Blake,https://cdn.iphoneincanada.ca/wp-content/uploads/2017/09/iic-logo-1.svg
What the DOJ's antitrust suit against Apple means for everyone with an iPhone,2024-03-21T21:35:09Z,https://www.aol.com/news/dojs-antitrust-suit-against-apple-213509430.html,"Apple CEO Tim Cook speaks at an event at the company's headquarters in Cupertino, Calif. (Jeff Chiu / Associated Press)
Cheaper app subscriptions. Additional payment options. Greater freedom for app… [+7669 chars]","{'id': None, 'name': 'AOL'}",Wendy Lee,https://media.zenfs.com/en/aol_la_times_articles_830/a948ab8d4c2869f6fb570429192f4200
[Removed],1970-01-01T00:00:00Z,https://removed.com,[Removed],"{'id': None, 'name': '[Removed]'}",,
Apple、iPadOS 17.4にアップデートした一部のiPadでカメラやサードパーティ製アプリのQRコードスキャンができなくなっていた不具合を「iPadOS 17.4.1」で修正。,2024-03-21T21:33:31Z,https://applech2.com/archives/20240322-20240322-ipad-17-4-qr-code-scanner-issue-fixed.html,"AppleiPadOS 17.4iPadQRiPadOS 17.4.1
Apple20240305iPadOS 17.4 Build 21E219iPadQR
QRApple(0321)iPadOS 17.4.1 Build 21E226
If you are unable to use the Camera app to scan a QR code, update your iPad … [+223 chars]","{'id': None, 'name': 'Applech2.com'}",applech2,https://applech2.com/wp-content/uploads/2024/03/If-your-iPad-is-unable-to-scan-QR-codes-after-updating-to-iPadOS-17-4-update.jpg
"Apple Monopolizes Smartphone Market, Biden Admin Charges",2024-03-21T21:32:10Z,https://biztoc.com/x/3aad34b5ca7db59d,"The U.S. Department of Justice, 15 states and the District of Columbia claim in a lawsuit filed Thursday that Apple maintains an illegal monopoly in the smartphone market.We allege that Apple has emp… [+282 chars]","{'id': None, 'name': 'Biztoc.com'}",mediapost.com,https://c.biztoc.com/p/3aad34b5ca7db59d/s.webp
Broadcom Stock Rallies After Tech Firm Gains New AI Chip Customer,2024-03-21T21:30:30Z,https://www.investors.com/news/technology/broadcom-stock-avgo-ai-chip-customer/,"Broadcom (AVGO) stock surged Thursday on news that the company gained a new AI chip customer.
XThe Palo Alto, Calif.-based company held an investor meeting Wednesday titled Enabling AI Infrastructur… [+3175 chars]","{'id': None, 'name': ""Investor's Business Daily""}",Investor's Business Daily,https://www.investors.com/wp-content/uploads/2022/09/Stock-broadcom-logo-01-company.jpg
Apple atualiza firmware dos AirTags depois de revés numa ação em tribunal,2024-03-21T21:30:04Z,https://pplware.sapo.pt/apple/apple-atualiza-firmware-dos-airtags-depois-de-reves-numa-acao-em-tribunal/,"A Apple lançou recentemente uma nova atualização de firmware para o seu localizador de objetos AirTag, marcando a primeira atualização desde outubro. A Apple enfrentou um processo que acusava o dispo… [+2595 chars]","{'id': None, 'name': 'Sapo.pt'}",Vítor M.,https://pplware.sapo.pt/wp-content/uploads/2024/03/firmware_airtags_00.jpg
Why Apple is being sued by the Justice Department,2024-03-21T21:30:02Z,https://www.cbsnews.com/video/why-apple-is-being-sued-by-the-justice-department/,"Watch CBS News
Copyright ©2024 CBS Interactive Inc. All rights reserved.
Get browser notifications for breaking news, live events, and exclusive reporting.
Not NowTurn On","{'id': 'cbs-news', 'name': 'CBS News'}",CBS News,https://assets1.cbsnewsstatic.com/hub/i/r/2024/03/21/43e47b04-6fae-4761-8bce-08f0564594c1/thumbnail/1200x630/4b5472faaed05e9695c9e9611ab08104/cbsn-fusion-why-apple-is-being-sued-by-the-justice-dept-thumbnail-2777780-640x360.jpg?v=4baa656f7af774a52a8c6a88476cb826
Imagine Plunges Deeper Into Documentaries With ‘Stormy’ Fare,2024-03-21T21:30:00Z,https://variety.com/2024/film/features/imagine-documentaries-stormy-daniels-sara-bernstein-1235945284/,"The South by Southwest debut of “Stormy” was not your typical Imagine Documentaries premiere.
About adult film star Stormy Daniels’ alleged affair with former President Donald Trump, the film drew a… [+9204 chars]","{'id': None, 'name': 'Variety'}",Addie Morfoot,https://variety.com/wp-content/uploads/2024/03/stormy-daniels-premiere-sxsw.jpg?w=1000&h=563&crop=1
Μέγκαν Φοξ - Μασίν Γκαν Κέλι: Ζουν χωριστά,2024-03-21T21:30:00Z,https://www.protothema.gr/life-style/article/1479645/megan-fox-masin-gan-keli-zoun-horista/,"- 2020 2022 - , 2023, unfollow.
 podcast «Call Her Daddy» « »., .
« , "" "" , , », : « , . , ».
: Shutterstock, EPA
 :
 : tattoo artist - 
Bloomberg: 
 Apple - smartphones","{'id': None, 'name': 'Protothema.gr'}",,https://i1.prth.gr/images/640x360share/files/2024-03-21/fox-kelly.jpg
Gamble Online slots games The real deal Currency,2024-03-21T21:28:44Z,https://www.pausaparafeminices.com/ppf/gamble-online-slots-games-the-real-deal-currency/,"Newbies may well not be aware that they can gamble harbors on the internet on the the gadgets. The fresh studios secure ahead of have been going of power to electricity, and you will regarding the a … [+4596 chars]","{'id': None, 'name': 'Pausaparafeminices.com'}",Bruna Tavares,
DOJ’s Apple antitrust case neatly aligns with EU on one key point: NFC and mobile payments,2024-03-21T21:28:06Z,https://biztoc.com/x/50d39d0d487f3e7d,"As Apple faces down the barrel of a U.S. Department of Justices (DOJ) antitrust lawsuit, one might assume that references to the Cupertino companys existing anti-competitive headwinds in Europe would… [+278 chars]","{'id': None, 'name': 'Biztoc.com'}",techcrunch.com,https://c.biztoc.com/p/50d39d0d487f3e7d/s.webp
A just-passed House law would mean data brokers can't sell your info to Russia or China,2024-03-21T21:28:00Z,https://qz.com/house-bill-privacy-data-apps-china-russia-law-1851357155,The U.S. House passed a bill that would ban third-party data brokers from selling the user data of Americans to geopolitical adversaries like China and Russia. And while it still needs to pass the Se… [+2124 chars],"{'id': None, 'name': 'Quartz India'}",Matt Novak / Gizmodo,"https://i.kinja-img.com/image/upload/c_fill,h_675,pg_1,q_80,w_1200/72be5c3c9132fca8d4abbc760d0a12d5.jpg"
EE.UU. vs. Apple y otros clics tecnológicos en América,2024-03-21T21:27:52Z,https://elmercurio.com.ec/2024/03/21/ee-uu-vs-apple-y-otros-clics-tecnologicos-en-america/,"Estas son las principales noticias tecnológicas de la semana en América.
¡Fresquita la noticia! El Gobierno de EE.UU. presentó una demanda contra Apple por supuestamente haber creado un monopolio en… [+5428 chars]","{'id': None, 'name': 'Elmercurio.com.ec'}",Carmen Merchan,
"Russian nun simulator Indika, my most anticipated game this year, breaks out the dancing PVC fetish men to announce its May release date",2024-03-21T21:27:25Z,https://www.pcgamer.com/games/adventure/russian-nun-simulator-indika-my-most-anticipated-game-this-year-breaks-out-the-dancing-pvc-fetish-men-to-announce-its-may-release-date/,"Call me solipsistic, but I'm still not convinced Indika isn't a game someone made specifically for me. The tale of an Orthodox nun on a journey to the centre of the spirit through an alternate 19th-c… [+1994 chars]","{'id': None, 'name': 'PC Gamer'}",Joshua Wolens,https://cdn.mos.cms.futurecdn.net/YZRmuufHfxtthdQUEgS8cg-1200-80.jpg
These Pics Do Not Prove that Fruit of the Loom's Logo Once Had a Cornucopia,2024-03-21T21:27:00Z,https://www.snopes.com//fact-check/fruit-of-the-loom-cornucopias/,"Claim:
At some point in the past, Fruit of the Loom's logo contained a cornucopia. 
There has never been a cornucopia in the logo used by underwear and T-shirt manufacturer Fruit of the Loom. Snope… [+11360 chars]","{'id': None, 'name': 'Snopes.com'}",Alex Kasprak,https://mediaproxy.snopes.com/width/1200/https://media.snopes.com/2024/03/fotl3.png
Apple's M3 MacBook Pro is currently $200 off during Amazon's Big Spring Sale,2024-03-21T21:26:00Z,https://www.zdnet.com/article/apples-high-end-m3-macbook-pro-is-currently-200-off-during-amazons-big-spring-sale/,"Jason Hiner/ZDNET
What's the deal?
The Apple M3 MacBook Pro 14"" and M3 MacBook Pro 16"" laptops are both currently $200 off during Amazon'sBig Spring Sale event, on sale for $1,399 and $2,299, respe… [+2169 chars]","{'id': None, 'name': 'ZDNet'}",Kyle Kucharski,https://www.zdnet.com/a/img/resize/1d9897cf9baea02fdda148b87e3a40d8f95e8651/2023/11/06/bcb92f39-c324-4e45-8654-0cda1e0cd89e/dsc02577-enhanced-nr.jpg?auto=webp&fit=crop&height=675&width=1200
"WhatsApp: história, principais recursos e como funciona o mensageiro",2024-03-21T21:25:47Z,https://tecnoblog.net/responde/whatsapp-historia-principais-recursos-e-como-funciona-o-mensageiro/,"O WhatsApp está disponível em 98% dos celulares no Brasil e já atingiu a marca de 2 bilhões de usuários globalmente. O mensageiro da Meta Inc. é gratuito para smartphones, computadores e tablets, ent… [+11678 chars]","{'id': None, 'name': 'Tecnoblog.net'}",Ana Marques,https://files.tecnoblog.net/wp-content/uploads/2022/11/whatsapp-capa-4-nov-2022-1060x596.png
"Indika, the alt-history adventure following a nun riding with the devil himself, gets a release date of May 8",2024-03-21T21:25:44Z,https://www.gamesradar.com/indika-fgs-spring-2024/,"Indika, the third-person adventure in which you play as a nun on the run in a parallel 19th century Russia, has had its release date revealed in unusual fashion at the Future Games Show Spring Showca… [+2041 chars]","{'id': None, 'name': 'GamesRadar+'}",iain.wilson@futurenet.com (Iain Wilson),https://cdn.mos.cms.futurecdn.net/zwDF7rLQAAqBm2hZEHWGD7-1200-80.jpg
Foundation Season 3 Cast Adds Game of Thrones Star & More,2024-03-21T21:25:06Z,https://www.comingsoon.net/tv/news/1619151-foundation-season-3-cast-adds-game-of-thrones-star-more,"According to Deadline, Apple TV+ has officially enlisted eight new series regulars to join the Foundation Season 3 cast, including Game of Thrones vet Pilou Asbæk.
Joining the next installment of th… [+1190 chars]","{'id': None, 'name': 'ComingSoon.net'}",Maggie Dela Paz,"https://www.comingsoon.net/wp-content/uploads/sites/3/2021/09/pilou-asbaek.jpg?resize=1200,630"
How Gamifying My Workouts Rebooted my Fitness Routine,2024-03-21T21:25:00Z,https://www.maketecheasier.com/gamification-fitness-app-running-marathon-workout-routine/,"I like to take up big fitness challenges, and I keep at them until I achieve what I set out to do. This year, I’ve signed up for a marathon coaching program that’ll take me from zero to running the f… [+9117 chars]","{'id': None, 'name': 'Maketecheasier.com'}",Pranay Parab,https://www.maketecheasier.com/assets/uploads/2024/03/Gamification-fitness-workout-pexels-pexels-latam-17979571.jpg
Apple (and Messi) offering a monthlong trial of MLS Season Pass,2024-03-21T21:24:57Z,https://www.digitaltrends.com/home-theater/mls-season-pass-monthlong-trial-messi/,"Phil Nickinson / Digital Trends
If you’re a soccer fan who hasn’t yet taken advantage of MLS Season Pass on Apple TV, now’s the time. Apple — and Lionel Messi — are offering a free one-month trial t… [+1547 chars]","{'id': None, 'name': 'Digital Trends'}",Phil Nickinson,https://www.digitaltrends.com/wp-content/uploads/2023/07/mls-season-pass-messi-3.jpg?resize=1200%2C630&p=1
Analyse: Wie Google den Digital Markets Act (DMA) in den SERPs umsetzt,2024-03-21T21:24:16Z,https://www.sistrix.de/news/analyse-wie-google-den-digital-markets-act-dma-in-den-serps-umsetzt/,"Seit dem 7. März 2024 ist der Digital Markets Act (DMA) in Europa in Kraft. Plattformen von relevanter Größe, wie Google, sind nun verpflichtet, neue Regeln zu befolgen. In dieser Datenanalyse betrac… [+5814 chars]","{'id': None, 'name': 'Sistrix.de'}",Johannes Beus,https://www.sistrix.de/wp-content/uploads/sites/20/2024/03/google-dma-example.png
"Jeri Ellsworth's Tilt 5 Offering a Lightweight, Low Cost Alternative to Apple Vision Pro's Spatial Computing Vision",2024-03-21T21:24:03Z,https://nwn.blogs.com/nwn/2024/03/tilt-5-spatial-computing-gdc.html,"Tilt Five is #SpatialComputing right where you need it.Work w/ 3D models from every conceivable angle, all with unparalleled depth and authenticity. Goodbye to the confines of traditional 2D screens … [+1254 chars]","{'id': None, 'name': 'Blogs.com'}",SLHamlet,https://nwn.blogs.com/.a/6a00d8341bf74053ef02c8d3aa58e3200c-600wi
"3301 - Reclaiming ‘Open Borders’; Colonial Wounds In Congo w/ John Washington, Christoph Vogel",2024-03-21T21:24:00Z,https://majorityfm.libsyn.com/3301-reclaiming-open-borders-colonial-wounds-in-congo-w-john-washington-christoph-vogel,"It's another EmMajority Report Thursday! Emma speaks with John Washington, staff writer at Arizona Luminaria and contributor for The Intercept, to discuss his recent book The Case For Open Borders. T… [+6429 chars]","{'id': None, 'name': 'Libsyn.com'}",,
靜安 Apple Store 上海正式開幕,2024-03-21T21:23:01Z,https://www.newmobilelife.com/2024/03/22/%e9%9d%9c%e5%ae%89-apple-store-%e4%b8%8a%e6%b5%b7%e6%ad%a3%e5%bc%8f%e9%96%8b%e5%b9%95/,"<!-- wp:paragraph {""canvasClassName"":""cnvs-block-core-paragraph-1711056027422""} -->
上海最新 Apple Store 於本星期四 (3 月 21 日) 開幕，滿心期待的顧客準備就緒，探索 Apple 的完整產品系列和服務。Apple 靜安座落於地標靜安寺旁，並會舉辦為期六星期的 Today at Apple 特別… [+701 chars]","{'id': None, 'name': 'Newmobilelife.com'}",Andy,https://static.newmobilelife.com/wp-content/uploads/2024/03/applestore.jpg
El pódcast de El Periódico Balance de Alimentaria 2024: se acercan nuevos alimentos,2024-03-21T21:22:30Z,https://www.elperiodico.com/es/economia/20240321/podcast-periodico-balance-alimentaria-2024-99806841,Hemos conversado con Paula Clemente y María Jesús Ibáñez sobre las conclusiones de los cuatro días del Salón Hostelco-Alimentaria. Se han superado las expectativas de visitantes y además se acerca la… [+443 chars],"{'id': None, 'name': 'Elperiodico.com'}",Sergi Mas,https://estaticos-cdn.prensaiberica.es/clip/fbb5f2ad-4fc9-4675-aee3-88fc5fe817b3_16-9-discover-aspect-ratio_default_0.jpg
Here are Amazon Big Spring Sale Canada Deals: Day 2,2024-03-21T21:22:20Z,https://www.iphoneincanada.ca/2024/03/21/amazon-big-spring-sale-canada-deals-day-2/,"Amazon Canada’s Big Spring Sale has reached Day 2, and more deals are here, with some highlights including Kindle E-readers for up to 21% off, and up to 55% off Meta Quest 2. PlayStation 5 is also on… [+3512 chars]","{'id': None, 'name': 'iPhone in Canada'}",IIC Deals,https://cdn.iphoneincanada.ca/wp-content/uploads/2017/09/iic-logo-1.svg
"Apple sagsøges for at »forsinke, forringe og decideret blokere«. I truer, hvem vi er, lyder svaret",2024-03-21T21:18:57Z,https://politiken.dk/viden/art9825648/Apple-sags%C3%B8ges-for-at-%C2%BBforsinke-forringe-og-decideret-blokere%C2%AB.-I-truer-hvem-vi-er-lyder-svaret,"I anklageskriftet, som er 88 sider langt, ligger det amerikanske justitsministerium og 16 delstater vægt på, at det økosystem, som Apple gennem årene har skabt med iPhone-platformen, er konkurrencefo… [+344 chars]","{'id': None, 'name': 'Politiken.dk'}",,https://politiken.dk/incoming/img9826011.hq5yer/ALTERNATES/p16x9_960/CHINA-BUSINESS-TECHNOLOGY-APPLE
"Apple sagsøges for at »forsinke, forringe og decideret blokere«: Her er, hvad de beskyldes for",2024-03-21T21:18:57Z,https://politiken.dk/viden/art9825648/Apple-sags%C3%B8ges-for-at-%C2%BBforsinke-forringe-og-decideret-blokere%C2%AB-Her-er-hvad-de-beskyldes-for,"I anklageskriftet, som er 88 sider langt, ligger det amerikanske justitsministerium og 16 delstater vægt på, at det økosystem, som Apple gennem årene har skabt med iPhone-platformen, er konkurrencefo… [+344 chars]","{'id': None, 'name': 'Politiken.dk'}",,https://politiken.dk/incoming/img9826011.hq5yer/ALTERNATES/p16x9_960/CHINA-BUSINESS-TECHNOLOGY-APPLE
"Apple sagsøges for at »forsinke, forringe og decideret blokere«: I truer, hvem vi er, lyder svaret",2024-03-21T21:18:57Z,https://politiken.dk/viden/art9825648/Apple-sags%C3%B8ges-for-at-%C2%BBforsinke-forringe-og-decideret-blokere%C2%AB-I-truer-hvem-vi-er-lyder-svaret,"I anklageskriftet, som er 88 sider langt, ligger det amerikanske justitsministerium og 16 delstater vægt på, at det økosystem, som Apple gennem årene har skabt med iPhone-platformen, er konkurrencefo… [+344 chars]","{'id': None, 'name': 'Politiken.dk'}",,https://politiken.dk/incoming/img9826011.hq5yer/ALTERNATES/p16x9_960/CHINA-BUSINESS-TECHNOLOGY-APPLE
Minnesota joins DOJ in Apple antitrust lawsuit,2024-03-21T21:18:44Z,https://www.startribune.com/minnesota-joins-doj-in-apple-antitrust-lawsuit/600353119/,"Minnesota is one of 16 states that has joined the Department of Justice to file antitrust lawsuit against Apple.
The complaint, filed in the United States District Court for the District of New Jers… [+1543 chars]","{'id': None, 'name': 'Minneapolis Star Tribune'}",Zoë Jackson,https://arc.stimg.co/startribunemedia/DSL5NJXWMRWSGJSJFP24I3KPWY.jpg?h=630&w=1200&fit=crop&bg=999&crop=faces
"DOJ sues Apple, claims iPhone has smartphone monopoly",2024-03-21T21:18:17Z,https://biztoc.com/x/2109dc2e081b7ab8,"Apple is facing yet another antitrust complaint this time over its dominance of the smartphone market. But it's not just the Department of Justice that's targeting the tech titan.
#apple#departmento… [+56 chars]","{'id': None, 'name': 'Biztoc.com'}",bizjournals.com,https://c.biztoc.com/p/2109dc2e081b7ab8/s.webp
"Selon Apple, les États-Unis veulent transformer l’iPhone en Android",2024-03-21T21:16:37Z,https://iphoneaddict.fr/post/news-385244-apple-etats-unis-veulent-transformer-liphone-android,Apple n’apprécie pas le procès intenté par le ministère de la Justice (DOJ) au sujet de ses pratiques monopolistiques et n’hésite pas à le faire savoir. Le groupe juge notamment que les États-Unis ch… [+1303 chars],"{'id': None, 'name': 'Iphoneaddict.fr'}",Jean-Baptiste A.,https://static.iphoneaddict.fr/wp-content/uploads/2019/06/iOS-Android-Logos.jpg
Thomas Lanigan-Schmidt: The Story of One of the Only Artists at the Stonewall Uprising,2024-03-21T21:15:15Z,http://hyperallergic.com/879471/thomas-lanigan-schmidt-the-story-of-one-of-the-only-artists-at-the-stonewall-uprising/,"Reasons for Thomas Lanigan-Schmidt’s art not reaching a wider audience totally elude me. This is major, major workMany artists, including a generation of Lanigan-Schmidt’s students, have been repeate… [+97297 chars]","{'id': None, 'name': 'Hyperallergic'}",Hyperallergic,https://hyperallergic-newspack.s3.amazonaws.com/uploads/2024/03/Tommy-Lanigan-Schmidt-header-1.png
DOJ’s Apple antitrust case neatly aligns with EU on one key point: NFC and mobile payments,2024-03-21T21:14:23Z,https://consent.yahoo.com/v2/collectConsent?sessionId=1_cc-session_274cdcee-ebdc-4faf-97f7-fd0d745b3315,"Si vous cliquez sur « Tout accepter », nos partenaires (y compris 241 qui font partie du Cadre de transparence et de consentement dIAB) et nous utiliserons également des témoins et vos données person… [+982 chars]","{'id': None, 'name': 'Yahoo Entertainment'}",Paul Sawers,
"Joe Rogan's audience is huge. Like, really, really huge. Ginormous",2024-03-21T21:14:06Z,https://biztoc.com/x/2a9e1cfcb647820e,"Joe Rogan has an enormous following on Spotify.Christian Petersen/ Getty, Tyler Le/ BIBloomberg reports that Spotify released a new feature showing podcast follower counts.Joe Rogan has by far the mo… [+311 chars]","{'id': None, 'name': 'Biztoc.com'}",businessinsider.com,https://c.biztoc.com/p/2a9e1cfcb647820e/s.webp
"Apple CarPlay is anticompetitive, too, US lawsuit alleges",2024-03-21T21:13:22Z,https://www.theverge.com/2024/3/21/24107976/apple-carplay-doj-lawsuit-anticompetitive-digital-key,"Apple CarPlay is anticompetitive, too, US lawsuit alleges
Apple CarPlay is anticompetitive, too, US lawsuit alleges
 / The companys popular phone-mirroring service allows Apple to exert too much co… [+5471 chars]","{'id': 'the-verge', 'name': 'The Verge'}",Andrew J. Hawkins,https://cdn.vox-cdn.com/thumbor/9UuemWtB-cPJlEO8W_E16y0CHOo=/0x0:3998x2524/1200x628/filters:focal(1999x1262:2000x1263)/cdn.vox-cdn.com/uploads/chorus_asset/file/25240017/Ford_Digital_Experience_Apple_CarPlay.jpg
One Man’s Army of Streaming Bots Reveals a Whole Industry’s Problem,2024-03-21T21:12:39Z,https://slashdot.org/firehose.pl?op=view&amp;id=173344057,The Fine Print: The following comments are owned by whoever posted them. We are not responsible for them in any way.,"{'id': None, 'name': 'Slashdot.org'}",feedfeeder,
"""Buy your mom an iPhone"": Will these five words come to haunt Apple CEO Tim Cook? Probably not",2024-03-21T21:12:15Z,https://www.imore.com/apple/buy-your-mom-an-iphone-will-these-five-words-come-to-haunt-apple-ceo-tim-cook-probably-not,"Apple products work best if you stick within the ecosystem. They play nice together. Things just work. It’s one of the reasons iPhone users buy one in the first place, never mind the rest of the gear… [+7132 chars]","{'id': None, 'name': 'iMore'}",Connor Jewiss,https://cdn.mos.cms.futurecdn.net/WwuR98ibbUvsS6HmD8tM3C-1200-80.jpg
U.S. Department of Justice files an antitrust lawsuit against Apple claiming the iPhone illegally monopolizes the market,2024-03-21T21:11:47Z,https://www.gizchina.com/2024/03/21/apple-antitrust-lawsuit-gizchina/,"In a significant legal development, the U.S. Department of Justice, along with 16 state and district attorneys general, has jointly filed an antitrust lawsuit against Apple, accusing the tech giant o… [+6790 chars]","{'id': None, 'name': 'Gizchina.com'}",Efe Udin,https://www.gizchina.com/wp-content/uploads/images/2023/12/malte-helmhold-3LUHhTjfI4M-unsplash-1200x675.jpg
Idaho inmate escape: Police news conference with the latest,2024-03-21T21:11:25Z,https://www.ktvb.com/article/news/local/escaped-inmate-gunman-isp-idoc-boise-police-skylar-meade-nicholas-moose-umphenour/277-de05a7e7-4535-4398-ad58-d6f4462646bf,"BOISE, Idaho In a news conference Thursday, Boise Police Department (BPD) announced that law enforcement officials captured the two suspects involved in the coordinated escape of a prison inmate at S… [+6926 chars]","{'id': None, 'name': 'KTVB.com'}",Ktvb Staff,https://media.ktvb.com/assets/KTVB/images/ca027a5e-1b1b-437f-8126-2f34d1f55518/ca027a5e-1b1b-437f-8126-2f34d1f55518_1140x641.jpg
Работник UPS арестован за кражу 866 устройств Apple на сумму около 1 млн евро,2024-03-21T21:10:21Z,https://overclockers.ru/blog/techbaza/show/147039/Rabochij-UPS-arestovan-za-krazhu-866-ustrojstv-Apple-na-summu-okolo-1-mln-evro,"UPS 866 Apple 1,3 . 2023 2024 , , .
 Global News, - , UPS --.
2013 , , .
22 () 5 000 . , . 9 000 . , Mac, 9 000 . , , , Apple.
 Apple , Kijiji, 232 000 . , 600 000 . Audi 60 000 . , 9000 ., .","{'id': None, 'name': 'Overclockers.ru'}",dima0782,https://overclockers.ru/st/legacy/blog/427135/494178_O.jpg
"New chip flaw hits Apple Silicon and steals cryptographic keys from system cache — 'GoFetch' vulnerability attacks Apple M1, M2, M3 processors, can't be fixed in hardware",2024-03-21T21:09:12Z,https://www.tomshardware.com/pc-components/cpus/new-chip-flaw-hits-apple-silicon-and-steals-cryptographic-keys-from-system-cache-gofetch-vulnerability-attacks-apple-m1-m2-m3-processors-cant-be-fixed-in-hardware,"Researchers have discovered a massive security vulnerability inside Apple M1, M2, and M3 silicon. The vulnerability, dubbed 'GoFetch,' steals cryptographic information from the CPU cache enabling an … [+3351 chars]","{'id': None, 'name': ""Tom's Hardware UK""}",Aaron Klotz,https://cdn.mos.cms.futurecdn.net/efnd9rBxUUXsGNUX5A28eG-1200-80.jpg
Apple and Google To Face EU Investigation Under New Law,2024-03-21T21:08:32Z,https://biztoc.com/x/73ba89ea6f28b8d5,"Tech giants like Apple and Google are on the verge of facing regulatory issues in the European Union. According to a report by Bloomberg, Apple and Google are about to be subject to extensive Europea… [+301 chars]","{'id': None, 'name': 'Biztoc.com'}",coingape.com,https://c.biztoc.com/p/73ba89ea6f28b8d5/s.webp
Lionel Messi offers one month of MLS Season Pass on Apple TV for free,2024-03-21T21:07:36Z,https://macdailynews.com/2024/03/21/lionel-messi-offers-one-month-of-mls-season-pass-on-apple-tv-for-free/,"Lionel Messi offers one month of MLS Season Pass on Apple TV for free
MLS Season Pass, which is regularly priced at $14.99 per month ($12.99 for Apple TV+ subscribers), can be had free for an entire… [+1691 chars]","{'id': None, 'name': 'Macdailynews.com'}",MacDailyNews,https://149359564.v2.pressablecdn.com/wp-content/uploads/2024/03/240321_messi_free_month.png
Apple let a movie piracy app reach #2 in Entertainment in the U.S. App Store,2024-03-21T21:07:07Z,https://www.intego.com/mac-security-blog/apple-let-a-movie-piracy-app-reach-2-in-entertainment-in-the-u-s-app-store/,"Malware
Posted on
March 21st, 2024 by
Joshua Long
On Tuesday, May 12, a researcher named Kedsayahm noticed that an app that featured pirated TV shows and movies was quickly climbing the charts in… [+9975 chars]","{'id': None, 'name': 'Intego.com'}",Joshua Long,https://www.intego.com/mac-security-blog/wp-content/uploads/2024/03/piracy-app-2nd-place-in-entertainment-in-us-app-store-20240314-400x260-1.jpg
US sues Apple for 'monopolising' smartphone market - TRT Afrika,2024-03-21T21:07:06Z,http://www.trtafrika.com/business/us-sues-apple-for-monopolising-smartphone-market-17458554,"The Justice Department on Thursday announced a sweeping antitrust lawsuit against Apple, accusing the tech giant of engineering an illegal monopoly in smartphones that boxes out competitors, stifles … [+3380 chars]","{'id': None, 'name': 'Trtafrika.com'}",Trt Afrika Eng,https://cdn-i.pr.trt.com.tr/trtafricaeng/w960/h540/q70/13250270_362-1717-3620-2038.jpeg
DA’s office shows up at $1M NYC squatter home as another resident declares ‘I’m renting’,2024-03-21T21:07:06Z,https://nypost.com/2024/03/21/us-news/das-office-shows-up-at-1m-nyc-squatter-home-as-another-resident-declares-im-renting/,"Investigators from the Queens District Attorney’s Office were turned away at a $1 million Flushing home taken over by squatters Thursday — as another tenant claimed he was duped into subletting.
“I’… [+2863 chars]","{'id': None, 'name': 'New York Post'}","Kevin Sheehan, Jorge Fitz-Gibbon",https://nypost.com/wp-content/uploads/sites/2/2024/03/78752845.jpg?quality=75&strip=all&w=1024
Apple Opens Shanghai Store Amid iPhone Troubles in China,2024-03-21T21:06:44Z,https://biztoc.com/x/d77e893878db3d2e,"Apples new store opened in Shanghai on Thursday (March 21), with Tim Cook in attendance.The chief executive got thunderous applause from the crowd, according to a report by Bloomberg News, which note… [+274 chars]","{'id': None, 'name': 'Biztoc.com'}",pymnts.com,https://c.biztoc.com/p/d77e893878db3d2e/s.webp
